-- phpMyAdmin SQL Dump
-- version 5.2.1
-- https://www.phpmyadmin.net/
--
-- Host: 127.0.0.1
-- Generation Time: Nov 16, 2024 at 07:36 PM
-- Server version: 10.4.32-MariaDB
-- PHP Version: 8.2.12

SET SQL_MODE = "NO_AUTO_VALUE_ON_ZERO";
START TRANSACTION;
SET time_zone = "+00:00";


/*!40101 SET @OLD_CHARACTER_SET_CLIENT=@@CHARACTER_SET_CLIENT */;
/*!40101 SET @OLD_CHARACTER_SET_RESULTS=@@CHARACTER_SET_RESULTS */;
/*!40101 SET @OLD_COLLATION_CONNECTION=@@COLLATION_CONNECTION */;
/*!40101 SET NAMES utf8mb4 */;

--
-- Database: `hotelbooking`
--

-- --------------------------------------------------------

--
-- Table structure for table `admin_cred`
--

CREATE TABLE `admin_cred` (
  `sr_no` int(11) NOT NULL,
  `admin_name` varchar(150) NOT NULL,
  `admin_pass` varchar(150) NOT NULL
) ENGINE=InnoDB DEFAULT CHARSET=utf8mb4 COLLATE=utf8mb4_general_ci;

--
-- Dumping data for table `admin_cred`
--

INSERT INTO `admin_cred` (`sr_no`, `admin_name`, `admin_pass`) VALUES
(1, 'amey', '12345'),
(2, 'neal', '12345');

-- --------------------------------------------------------

--
-- Table structure for table `booking_details`
--

CREATE TABLE `booking_details` (
  `sr_no` int(11) NOT NULL,
  `booking_id` int(11) NOT NULL,
  `room_name` varchar(100) NOT NULL,
  `price` int(11) NOT NULL,
  `total_pay` int(11) NOT NULL,
  `room_no` varchar(100) DEFAULT NULL,
  `user_name` varchar(100) NOT NULL,
  `phonenum` varchar(100) NOT NULL,
  `address` varchar(150) NOT NULL
) ENGINE=InnoDB DEFAULT CHARSET=utf8mb4 COLLATE=utf8mb4_general_ci;

-- --------------------------------------------------------

--
-- Table structure for table `booking_order`
--

CREATE TABLE `booking_order` (
  `booking_id` int(11) NOT NULL,
  `user_id` int(11) NOT NULL,
  `room_id` int(11) NOT NULL,
  `check_in` date NOT NULL,
  `check_out` date NOT NULL,
  `arrival` int(11) NOT NULL DEFAULT 0,
  `refund` int(11) DEFAULT NULL,
  `booking_status` varchar(100) NOT NULL DEFAULT 'pending',
  `order_id` varchar(150) NOT NULL,
  `trans_id` varchar(200) DEFAULT NULL,
  `trans_amt` int(11) NOT NULL,
  `trans_status` varchar(100) NOT NULL DEFAULT 'pending',
  `trans_resp_msg` varchar(200) DEFAULT NULL,
  `rate_review` int(11) DEFAULT NULL,
  `datentime` datetime NOT NULL DEFAULT current_timestamp()
) ENGINE=InnoDB DEFAULT CHARSET=utf8mb4 COLLATE=utf8mb4_general_ci;

--
-- Dumping data for table `booking_order`
--

INSERT INTO `booking_order` (`booking_id`, `user_id`, `room_id`, `check_in`, `check_out`, `arrival`, `refund`, `booking_status`, `order_id`, `trans_id`, `trans_amt`, `trans_status`, `trans_resp_msg`, `rate_review`, `datentime`) VALUES
(75, 10, 9, '2024-11-28', '2024-12-05', 0, NULL, 'new', 'order_6738cb9a3a348', NULL, 200, 'pending', NULL, NULL, '0000-00-00 00:00:00'),
(76, 14, 10, '2024-11-28', '2024-11-30', 0, NULL, 'new', 'order_6738d00294742', NULL, 200, 'pending', NULL, NULL, '0000-00-00 00:00:00'),
(77, 14, 10, '2024-11-28', '2024-11-30', 0, NULL, 'new', 'order_6738d0041830a', NULL, 200, 'pending', NULL, NULL, '0000-00-00 00:00:00'),
(78, 14, 9, '2024-11-29', '2024-11-30', 0, NULL, 'new', 'order_6738d191744c1', NULL, 200, 'pending', NULL, NULL, '0000-00-00 00:00:00'),
(79, 14, 9, '2024-11-21', '2024-11-28', 0, NULL, 'new', 'order_6738d201b98cd', NULL, 200, 'pending', NULL, NULL, '0000-00-00 00:00:00');

-- --------------------------------------------------------

--
-- Table structure for table `carousel`
--

CREATE TABLE `carousel` (
  `sr_no` int(11) NOT NULL,
  `image` varchar(150) NOT NULL
) ENGINE=InnoDB DEFAULT CHARSET=utf8mb4 COLLATE=utf8mb4_general_ci;

-- --------------------------------------------------------

--
-- Table structure for table `contact_details`
--

CREATE TABLE `contact_details` (
  `sr_no` int(11) NOT NULL,
  `address` varchar(50) NOT NULL,
  `gmap` varchar(100) NOT NULL,
  `pn1` bigint(20) NOT NULL,
  `pn2` bigint(20) NOT NULL,
  `email` varchar(100) NOT NULL,
  `fb` varchar(100) NOT NULL,
  `insta` varchar(100) NOT NULL,
  `tw` varchar(100) NOT NULL,
  `iframe` varchar(300) NOT NULL
) ENGINE=InnoDB DEFAULT CHARSET=utf8mb4 COLLATE=utf8mb4_general_ci;

--
-- Dumping data for table `contact_details`
--

INSERT INTO `contact_details` (`sr_no`, `address`, `gmap`, `pn1`, `pn2`, `email`, `fb`, `insta`, `tw`, `iframe`) VALUES
(1, '1002 Quang Trung, P12, Gò Vấp, TP HCM', 'https://maps.app.goo.gl/ZkfszMJi6HGiwZCUA', 123456789, 123456789, 'hkthotel@gmail.com', 'https://www.facebook.com/', 'https://www.facebook.com/', 'https://www.facebook.com/', 'https://maps.app.goo.gl/ZkfszMJi6HGiwZCUA');

-- --------------------------------------------------------

--
-- Table structure for table `facilities`
--

CREATE TABLE `facilities` (
  `id` int(11) NOT NULL,
  `icon` varchar(100) NOT NULL,
  `name` varchar(50) NOT NULL,
  `description` varchar(250) NOT NULL
) ENGINE=InnoDB DEFAULT CHARSET=utf8mb4 COLLATE=utf8mb4_general_ci;

--
-- Dumping data for table `facilities`
--

INSERT INTO `facilities` (`id`, `icon`, `name`, `description`) VALUES
(13, 'IMG_43553.svg', 'Wifi', 'Lorem ipsum dolor sit amet consectetur adipisicing elit. Temporibus incidunt odio quos dolore commodi repudiandae tenetur.'),
(14, 'IMG_49949.svg', 'Air conditioner', 'Lorem ipsum dolor sit amet consectetur adipisicing elit. Temporibus incidunt odio quos dolore commodi repudiandae tenetur.'),
(15, 'IMG_41622.svg', 'Television', 'Lorem ipsum dolor sit amet consectetur adipisicing elit. Temporibus incidunt odio quos dolore commodi repudiandae tenetur.'),
(17, 'IMG_47816.svg', 'Spa', 'Lorem ipsum dolor sit amet consectetur adipisicing elit. Temporibus incidunt odio quos dolore commodi repudiandae tenetur.'),
(18, 'IMG_96423.svg', 'Room Heater', 'Lorem ipsum dolor sit amet consectetur adipisicing elit. Temporibus incidunt odio quos dolore commodi repudiandae tenetur.'),
(19, 'IMG_27079.svg', 'Geyser', 'Lorem ipsum dolor sit amet consectetur adipisicing elit. Temporibus incidunt odio quos dolore commodi repudiandae tenetur.');

-- --------------------------------------------------------

--
-- Table structure for table `features`
--

CREATE TABLE `features` (
  `id` int(11) NOT NULL,
  `name` varchar(50) NOT NULL
) ENGINE=InnoDB DEFAULT CHARSET=utf8mb4 COLLATE=utf8mb4_general_ci;

--
-- Dumping data for table `features`
--

INSERT INTO `features` (`id`, `name`) VALUES
(13, 'bedroom'),
(14, 'balcony'),
(15, 'kitchen'),
(17, 'sofa');

-- --------------------------------------------------------

--
-- Table structure for table `rating_review`
--

CREATE TABLE `rating_review` (
  `sr_no` int(11) NOT NULL,
  `booking_id` int(11) NOT NULL,
  `room_id` int(11) NOT NULL,
  `user_id` int(11) NOT NULL,
  `rating` int(11) NOT NULL,
  `review` varchar(200) NOT NULL,
  `seen` int(11) NOT NULL DEFAULT 0,
  `datentime` datetime NOT NULL DEFAULT current_timestamp()
) ENGINE=InnoDB DEFAULT CHARSET=utf8mb4 COLLATE=utf8mb4_general_ci;

-- --------------------------------------------------------

--
-- Table structure for table `rooms`
--

CREATE TABLE `rooms` (
  `id` int(11) NOT NULL,
  `name` varchar(150) NOT NULL,
  `area` int(11) NOT NULL,
  `price` int(11) NOT NULL,
  `quantity` int(11) NOT NULL,
  `adult` int(11) NOT NULL,
  `children` int(11) NOT NULL,
  `description` varchar(350) NOT NULL,
  `status` tinyint(4) NOT NULL DEFAULT 1,
  `removed` int(11) NOT NULL DEFAULT 0
) ENGINE=InnoDB DEFAULT CHARSET=utf8mb4 COLLATE=utf8mb4_general_ci;

--
-- Dumping data for table `rooms`
--

INSERT INTO `rooms` (`id`, `name`, `area`, `price`, `quantity`, `adult`, `children`, `description`, `status`, `removed`) VALUES
(3, 'Simple Room', 250, 300, 10, 5, 3, 'Lorem ipsum dolor sit amet, consectetur adipisicing elit. Quos voluptate vero sed tempore illo atque beatae asperiores, adipisci dicta quia nisi voluptates impedit perspiciatis, nobis libero culpa error officiis totam?Lorem ipsum dolor sit amet, consectetur adipisicing elit. Quos voluptate vero sed tempore illo atque beatae asperiores, adipisci dic', 0, 1),
(4, 'Deluxe Room', 300, 500, 10, 3, 2, 'Lorem ipsum dolor sit amet, consectetur adipisicing elit. Quos voluptate vero sed tempore illo atque beatae asperiores, adipisci dicta quia nisi voluptates impedit perspiciatis, nobis libero culpa error officiis totam?Lorem ipsum dolor sit amet, consectetur adipisicing elit. Quos voluptate vero sed tempore illo atque beatae asperiores, adipisci dic', 1, 1),
(5, 'Luxury Room', 600, 600, 2, 8, 6, 'Lorem ipsum dolor sit amet, consectetur adipisicing elit. Quos voluptate vero sed tempore illo atque beatae asperiores, adipisci dicta quia nisi voluptates impedit perspiciatis, nobis libero culpa error officiis totam?Lorem ipsum dolor sit amet, consectetur adipisicing elit. Quos voluptate vero sed tempore illo atque beatae asperiores, adipisci dic', 0, 1),
(6, 'Supreme deluxe room', 500, 900, 12, 9, 10, 'Lorem ipsum dolor sit amet, consectetur adipisicing elit. Quos voluptate vero sed tempore illo atque beatae asperiores, adipisci dicta quia nisi voluptates impedit perspiciatis, nobis libero culpa error officiis totam?Lorem ipsum dolor sit amet, consectetur adipisicing elit. Quos voluptate vero sed tempore illo atque beatae asperiores, adipisci dic', 1, 1),
(7, 'TÌNH YÊU', 123, 20000, 2, 4, 4, 'ĐẸP TRAI', 1, 1),
(8, 'Phong tinh iu', 1, 1222, 2, 4, 2, 'phòng có ghế', 0, 1),
(9, 'tinh yeu', 1, 200, 2, 2, 2, 'phong dep', 0, 1),
(10, 'phong A', 3, 200, 3, 2, 3, 'ádasdasdsadasdasdasdasd', 1, 1),
(11, 'test', 123, 999, 2, 2, 2, 'ắedasdasdasd', 1, 1),
(12, 'ádasd', 123, 21323, 2, 2, 2, 'ádasd', 1, 1),
(13, 'qưewqewq', 123123, 2131231, 1, 2, 2, '213123', 1, 0);

-- --------------------------------------------------------

--
-- Table structure for table `room_facilities`
--

CREATE TABLE `room_facilities` (
  `sr_no` int(11) NOT NULL,
  `room_id` int(11) NOT NULL,
  `facilities_id` int(11) NOT NULL
) ENGINE=InnoDB DEFAULT CHARSET=utf8mb4 COLLATE=utf8mb4_general_ci;

--
-- Dumping data for table `room_facilities`
--

INSERT INTO `room_facilities` (`sr_no`, `room_id`, `facilities_id`) VALUES
(62, 13, 14),
(63, 13, 19);

-- --------------------------------------------------------

--
-- Table structure for table `room_features`
--

CREATE TABLE `room_features` (
  `sr_no` int(11) NOT NULL,
  `room_id` int(11) NOT NULL,
  `features_id` int(11) NOT NULL
) ENGINE=InnoDB DEFAULT CHARSET=utf8mb4 COLLATE=utf8mb4_general_ci;

--
-- Dumping data for table `room_features`
--

INSERT INTO `room_features` (`sr_no`, `room_id`, `features_id`) VALUES
(47, 13, 14);

-- --------------------------------------------------------

--
-- Table structure for table `room_images`
--

CREATE TABLE `room_images` (
  `sr_no` int(11) NOT NULL,
  `room_id` int(11) NOT NULL,
  `image` varchar(150) NOT NULL,
  `thumb` tinyint(4) NOT NULL DEFAULT 0
) ENGINE=InnoDB DEFAULT CHARSET=utf8mb4 COLLATE=utf8mb4_general_ci;

-- --------------------------------------------------------

--
-- Table structure for table `settings`
--

CREATE TABLE `settings` (
  `sr_no` int(11) NOT NULL,
  `site_title` varchar(50) NOT NULL,
  `site_about` varchar(250) NOT NULL,
  `shutdown` tinyint(1) NOT NULL
) ENGINE=InnoDB DEFAULT CHARSET=utf8mb4 COLLATE=utf8mb4_general_ci;

--
-- Dumping data for table `settings`
--

INSERT INTO `settings` (`sr_no`, `site_title`, `site_about`, `shutdown`) VALUES
(1, 'HKT HOTEL', 'asdlkfj Lorem ipsum dolor sit amet, consectetur adipisicing elit. Quos voluptate vero sed tempore illo atque beatae asperiores, adipisci dicta quia nisi voluptates impedit perspiciatis, nobis libero culpa error officiis totam?', 0);

-- --------------------------------------------------------

--
-- Table structure for table `team_details`
--

CREATE TABLE `team_details` (
  `sr_no` int(11) NOT NULL,
  `name` varchar(50) NOT NULL,
  `picture` varchar(150) NOT NULL
) ENGINE=InnoDB DEFAULT CHARSET=utf8mb4 COLLATE=utf8mb4_general_ci;

--
-- Dumping data for table `team_details`
--

INSERT INTO `team_details` (`sr_no`, `name`, `picture`) VALUES
(16, 'Amey', 'IMG_38410.jpg'),
(17, 'Neal', 'IMG_69823.jpg');

-- --------------------------------------------------------

--
-- Table structure for table `user_cred`
--

CREATE TABLE `user_cred` (
  `id` int(11) NOT NULL,
  `name` varchar(100) NOT NULL,
  `email` varchar(150) NOT NULL,
  `address` varchar(120) NOT NULL,
  `phonenum` varchar(100) NOT NULL,
  `pincode` int(11) NOT NULL,
  `dob` date NOT NULL,
  `profile` varchar(100) NOT NULL,
  `password` varchar(200) NOT NULL,
  `is_verified` int(11) NOT NULL DEFAULT 0,
  `token` varchar(200) DEFAULT NULL,
  `t_expire` date DEFAULT NULL,
  `status` int(11) NOT NULL DEFAULT 1,
  `datentime` datetime NOT NULL DEFAULT current_timestamp()
) ENGINE=InnoDB DEFAULT CHARSET=utf8mb4 COLLATE=utf8mb4_general_ci;

--
-- Dumping data for table `user_cred`
--

INSERT INTO `user_cred` (`id`, `name`, `email`, `address`, `phonenum`, `pincode`, `dob`, `profile`, `password`, `is_verified`, `token`, `t_expire`, `status`, `datentime`) VALUES
(2, 'neal', 'neal@gmail.com', 'ad', '123', 123324, '2022-06-12', '3135715.png', '1', 1, NULL, NULL, 0, '2022-06-12 16:05:59'),
(5, 'amey', 'helubeti@finews.biz', 'asd', '1234', 123, '2022-12-13', 'IMG_84786.jpeg', '$2y$10$NtKNL5Ogn.m3NViVu/DKIevNhms7thrZP.qTnPpqooncOSygLw9hS', 1, '24ffd287a4c2eda5f2b424be2824f997', NULL, 0, '2022-12-13 02:37:19'),
(8, 'a', 'cejika9124@paxven.com', 'a', '12', 1, '2022-12-13', 'IMG_62937.jpeg', '$2y$10$0kAvtcnPie9S0W2DGjxaBuI8rvrC5Zq7BVUyNmST14J25tm2Vzdyu', 0, '250dd45640f7d810313b27e758a267af', NULL, 0, '2022-12-13 02:55:39'),
(10, 'Nguyễn Thanh Khang', 'tcag24042004@gmail.com', '11', '121212', 1123, '2000-04-21', '', '$2y$10$V.poqUCeiN6DocZRs1Mr9Ok.tHBjIolnYl5oKLXAdlO9R1v9D7gkS', 0, NULL, NULL, 1, '2024-11-14 13:44:33'),
(11, 'Lịch sử Đảng 2', 'ewq22@gmail.com', '12321', '331', 123, '2200-02-23', '', '$2y$10$OPGZVyU2TpxtAJSArjk9weOFWHOxmEiRMLx3EQ5qpgY7ZsFIg0MzK', 0, NULL, NULL, 1, '2024-11-14 15:32:45'),
(12, 'Nguyễn Thanh Khang1', 'hehe2121@gmail.com', 'ádasdasd', '113113', 123123, '2000-02-12', '', '$2y$10$qS3FhYnF3Pc.kGbJUaLMJuvG2ooAGz1aql6elp/ytvvfPQxiDBbAa', 0, NULL, NULL, 1, '2024-11-15 18:46:00'),
(14, 'Trấn Thành', '121212@gmai.com', 'ádasdasdasd', '2323', 123456, '2024-11-30', '', '$2y$10$71otDXnZpfgYpG0LokDth.7hx13rjLczQVHhUqp8FPRqx4/SkryIm', 0, NULL, NULL, 1, '2024-11-16 23:45:12'),
(19, 'sadasdasd', '1211212@gmail.com', '1231232', '123321', 12312321, '2024-11-16', '', '$2y$10$QvV1Fr9FLsds7L5Z99tZpuekQyx8lqaX4POKtaYN84eB9dwSUrIKa', 0, NULL, NULL, 1, '2024-11-17 01:36:02');

-- --------------------------------------------------------

--
-- Table structure for table `user_queries`
--

CREATE TABLE `user_queries` (
  `sr_no` int(11) NOT NULL,
  `name` varchar(50) NOT NULL,
  `email` varchar(150) NOT NULL,
  `subject` varchar(200) NOT NULL,
  `message` varchar(500) NOT NULL,
  `datentime` datetime NOT NULL DEFAULT current_timestamp(),
  `seen` tinyint(4) NOT NULL DEFAULT 0
) ENGINE=InnoDB DEFAULT CHARSET=utf8mb4 COLLATE=utf8mb4_general_ci;

--
-- Dumping data for table `user_queries`
--

INSERT INTO `user_queries` (`sr_no`, `name`, `email`, `subject`, `message`, `datentime`, `seen`) VALUES
(11, 'Amey', 'amey@gmail.com', 'This is one subject', 'orem ipsum dolor sit amet, consectetur adipisicing elit. Quos voluptate vero sed tempore illo atque beatae asperiores, adipisci dicta quia nisi voluptates im', '2022-03-11 00:00:00', 1),
(14, 'Lịch sử Đảng 2', '2251120355@ut.edu', 'ádasdasdasd', 'sadfasfdasdfasdfasdf', '2024-11-16 23:50:11', 0);

--
-- Indexes for dumped tables
--

--
-- Indexes for table `admin_cred`
--
ALTER TABLE `admin_cred`
  ADD PRIMARY KEY (`sr_no`);

--
-- Indexes for table `booking_details`
--
ALTER TABLE `booking_details`
  ADD PRIMARY KEY (`sr_no`),
  ADD KEY `booking_id` (`booking_id`);

--
-- Indexes for table `booking_order`
--
ALTER TABLE `booking_order`
  ADD PRIMARY KEY (`booking_id`),
  ADD KEY `user_id` (`user_id`),
  ADD KEY `room_id` (`room_id`);

--
-- Indexes for table `carousel`
--
ALTER TABLE `carousel`
  ADD PRIMARY KEY (`sr_no`);

--
-- Indexes for table `contact_details`
--
ALTER TABLE `contact_details`
  ADD PRIMARY KEY (`sr_no`);

--
-- Indexes for table `facilities`
--
ALTER TABLE `facilities`
  ADD PRIMARY KEY (`id`);

--
-- Indexes for table `features`
--
ALTER TABLE `features`
  ADD PRIMARY KEY (`id`);

--
-- Indexes for table `rating_review`
--
ALTER TABLE `rating_review`
  ADD PRIMARY KEY (`sr_no`),
  ADD KEY `booking_id` (`booking_id`),
  ADD KEY `room_id` (`room_id`),
  ADD KEY `user_id` (`user_id`);

--
-- Indexes for table `rooms`
--
ALTER TABLE `rooms`
  ADD PRIMARY KEY (`id`);

--
-- Indexes for table `room_facilities`
--
ALTER TABLE `room_facilities`
  ADD PRIMARY KEY (`sr_no`),
  ADD KEY `facilities id` (`facilities_id`),
  ADD KEY `room id` (`room_id`);

--
-- Indexes for table `room_features`
--
ALTER TABLE `room_features`
  ADD PRIMARY KEY (`sr_no`),
  ADD KEY `features id` (`features_id`),
  ADD KEY `rm id` (`room_id`);

--
-- Indexes for table `room_images`
--
ALTER TABLE `room_images`
  ADD PRIMARY KEY (`sr_no`),
  ADD KEY `room_id` (`room_id`);

--
-- Indexes for table `settings`
--
ALTER TABLE `settings`
  ADD PRIMARY KEY (`sr_no`);

--
-- Indexes for table `team_details`
--
ALTER TABLE `team_details`
  ADD PRIMARY KEY (`sr_no`);

--
-- Indexes for table `user_cred`
--
ALTER TABLE `user_cred`
  ADD PRIMARY KEY (`id`);

--
-- Indexes for table `user_queries`
--
ALTER TABLE `user_queries`
  ADD PRIMARY KEY (`sr_no`);

--
-- AUTO_INCREMENT for dumped tables
--

--
-- AUTO_INCREMENT for table `admin_cred`
--
ALTER TABLE `admin_cred`
  MODIFY `sr_no` int(11) NOT NULL AUTO_INCREMENT, AUTO_INCREMENT=3;

--
-- AUTO_INCREMENT for table `booking_details`
--
ALTER TABLE `booking_details`
  MODIFY `sr_no` int(11) NOT NULL AUTO_INCREMENT, AUTO_INCREMENT=35;

--
-- AUTO_INCREMENT for table `booking_order`
--
ALTER TABLE `booking_order`
  MODIFY `booking_id` int(11) NOT NULL AUTO_INCREMENT, AUTO_INCREMENT=80;

--
-- AUTO_INCREMENT for table `carousel`
--
ALTER TABLE `carousel`
  MODIFY `sr_no` int(11) NOT NULL AUTO_INCREMENT, AUTO_INCREMENT=10;

--
-- AUTO_INCREMENT for table `contact_details`
--
ALTER TABLE `contact_details`
  MODIFY `sr_no` int(11) NOT NULL AUTO_INCREMENT, AUTO_INCREMENT=2;

--
-- AUTO_INCREMENT for table `facilities`
--
ALTER TABLE `facilities`
  MODIFY `id` int(11) NOT NULL AUTO_INCREMENT, AUTO_INCREMENT=20;

--
-- AUTO_INCREMENT for table `features`
--
ALTER TABLE `features`
  MODIFY `id` int(11) NOT NULL AUTO_INCREMENT, AUTO_INCREMENT=18;

--
-- AUTO_INCREMENT for table `rating_review`
--
ALTER TABLE `rating_review`
  MODIFY `sr_no` int(11) NOT NULL AUTO_INCREMENT, AUTO_INCREMENT=12;

--
-- AUTO_INCREMENT for table `rooms`
--
ALTER TABLE `rooms`
  MODIFY `id` int(11) NOT NULL AUTO_INCREMENT, AUTO_INCREMENT=14;

--
-- AUTO_INCREMENT for table `room_facilities`
--
ALTER TABLE `room_facilities`
  MODIFY `sr_no` int(11) NOT NULL AUTO_INCREMENT, AUTO_INCREMENT=64;

--
-- AUTO_INCREMENT for table `room_features`
--
ALTER TABLE `room_features`
  MODIFY `sr_no` int(11) NOT NULL AUTO_INCREMENT, AUTO_INCREMENT=48;

--
-- AUTO_INCREMENT for table `room_images`
--
ALTER TABLE `room_images`
  MODIFY `sr_no` int(11) NOT NULL AUTO_INCREMENT, AUTO_INCREMENT=30;

--
-- AUTO_INCREMENT for table `settings`
--
ALTER TABLE `settings`
  MODIFY `sr_no` int(11) NOT NULL AUTO_INCREMENT, AUTO_INCREMENT=2;

--
-- AUTO_INCREMENT for table `team_details`
--
ALTER TABLE `team_details`
  MODIFY `sr_no` int(11) NOT NULL AUTO_INCREMENT, AUTO_INCREMENT=18;

--
-- AUTO_INCREMENT for table `user_cred`
--
ALTER TABLE `user_cred`
  MODIFY `id` int(11) NOT NULL AUTO_INCREMENT, AUTO_INCREMENT=20;

--
-- AUTO_INCREMENT for table `user_queries`
--
ALTER TABLE `user_queries`
  MODIFY `sr_no` int(11) NOT NULL AUTO_INCREMENT, AUTO_INCREMENT=15;

--
-- Constraints for dumped tables
--

--
-- Constraints for table `booking_details`
--
ALTER TABLE `booking_details`
  ADD CONSTRAINT `booking_details_ibfk_1` FOREIGN KEY (`booking_id`) REFERENCES `booking_order` (`booking_id`);

--
-- Constraints for table `booking_order`
--
ALTER TABLE `booking_order`
  ADD CONSTRAINT `booking_order_ibfk_1` FOREIGN KEY (`user_id`) REFERENCES `user_cred` (`id`),
  ADD CONSTRAINT `booking_order_ibfk_2` FOREIGN KEY (`room_id`) REFERENCES `rooms` (`id`);

--
-- Constraints for table `rating_review`
--
ALTER TABLE `rating_review`
  ADD CONSTRAINT `rating_review_ibfk_1` FOREIGN KEY (`booking_id`) REFERENCES `booking_order` (`booking_id`),
  ADD CONSTRAINT `rating_review_ibfk_2` FOREIGN KEY (`room_id`) REFERENCES `rooms` (`id`),
  ADD CONSTRAINT `rating_review_ibfk_3` FOREIGN KEY (`user_id`) REFERENCES `user_cred` (`id`);

--
-- Constraints for table `room_facilities`
--
ALTER TABLE `room_facilities`
  ADD CONSTRAINT `facilities id` FOREIGN KEY (`facilities_id`) REFERENCES `facilities` (`id`) ON UPDATE NO ACTION,
  ADD CONSTRAINT `room id` FOREIGN KEY (`room_id`) REFERENCES `rooms` (`id`) ON UPDATE NO ACTION;

--
-- Constraints for table `room_features`
--
ALTER TABLE `room_features`
  ADD CONSTRAINT `features id` FOREIGN KEY (`features_id`) REFERENCES `features` (`id`) ON UPDATE NO ACTION,
  ADD CONSTRAINT `rm id` FOREIGN KEY (`room_id`) REFERENCES `rooms` (`id`) ON UPDATE NO ACTION;

--
-- Constraints for table `room_images`
--
ALTER TABLE `room_images`
  ADD CONSTRAINT `room_images_ibfk_1` FOREIGN KEY (`room_id`) REFERENCES `rooms` (`id`);
COMMIT;

/*!40101 SET CHARACTER_SET_CLIENT=@OLD_CHARACTER_SET_CLIENT */;
/*!40101 SET CHARACTER_SET_RESULTS=@OLD_CHARACTER_SET_RESULTS */;
/*!40101 SET COLLATION_CONNECTION=@OLD_COLLATION_CONNECTION */;
